"Program","Year","Period","Week Ending","Geo Level","State","State ANSI","Ag District","Ag District Code","County","County ANSI","Zip Code","Region","watershed_code","Watershed","Commodity","Data Item","Domain","Domain Category","Value","CV (%)"
"SURVEY","2023","YEAR","","NATIONAL","US TOTAL","","","","","","","","00000000","","CORN","CORN, GRAIN - YIELD, MEASURED IN BU / ACRE","TOTAL","NOT SPECIFIED","177.3",""
"SURVEY","2023","YEAR - AUG FORECAST","","NATIONAL","US TOTAL","","","","","","","","00000000","","CORN","CORN, GRAIN - YIELD, MEASURED IN BU / ACRE","TOTAL","NOT SPECIFIED","175.1",""
"SURVEY","2023","YEAR - NOV FORECAST","","NATIONAL","US TOTAL","","","","","","","","00000000","","CORN","CORN, GRAIN - YIELD, MEASURED IN BU / ACRE","TOTAL","NOT SPECIFIED","174.9",""
"SURVEY","2023","YEAR - OCT FORECAST","","NATIONAL","US TOTAL","","","","","","","","00000000","","CORN","CORN, GRAIN - YIELD, MEASURED IN BU / ACRE","TOTAL","NOT SPECIFIED","173",""
"SURVEY","2023","YEAR - SEP FORECAST","","NATIONAL","US TOTAL","","","","","","","","00000000","","CORN","CORN, GRAIN - YIELD, MEASURED IN BU / ACRE","TOTAL","NOT SPECIFIED","173.8",""
"SURVEY","2022","YEAR","","NATIONAL","US TOTAL","","","","","","","","00000000","","CORN","CORN, GRAIN - YIELD, MEASURED IN BU / ACRE","TOTAL","NOT SPECIFIED","173.4",""
"SURVEY","2022","YEAR - AUG FORECAST","","NATIONAL","US TOTAL","","","","","","","","00000000","","CORN","CORN, GRAIN - YIELD, MEASURED IN BU / ACRE","TOTAL","NOT SPECIFIED","175.4",""
"SURVEY","2022","YEAR - NOV FORECAST","","NATIONAL","US TOTAL","","","","","","","","00000000","","CORN","CORN, GRAIN - YIELD, MEASURED IN BU / ACRE","TOTAL","NOT SPECIFIED","172.3",""
"SURVEY","2022","YEAR - OCT FORECAST","","NATIONAL","US TOTAL","","","","","","","","00000000","","CORN","CORN, GRAIN - YIELD, MEASURED IN BU / ACRE","TOTAL","NOT SPECIFIED","171.9",""
"SURVEY","2022","YEAR - SEP FORECAST","","NATIONAL","US TOTAL","","","","","","","","00000000","","CORN","CORN, GRAIN - YIELD, MEASURED IN BU / ACRE","TOTAL","NOT SPECIFIED","172.5",""
"SURVEY","2021","YEAR","","NATIONAL","US TOTAL","","","","","","","","00000000","","CORN","CORN, GRAIN - YIELD, MEASURED IN BU / ACRE","TOTAL","NOT SPECIFIED","176.7",""
"SURVEY","2021","YEAR - AUG FORECAST","","NATIONAL","US TOTAL","","","","","","","","00000000","","CORN","CORN, GRAIN - YIELD, MEASURED IN BU / ACRE","TOTAL","NOT SPECIFIED","174.6",""
"SURVEY","2021","YEAR - NOV FORECAST","","NATIONAL","US TOTAL","","","","","","","","00000000","","CORN","CORN, GRAIN - YIELD, MEASURED IN BU / ACRE","TOTAL","NOT SPECIFIED","177",""
"SURVEY","2021","YEAR - OCT FORECAST","","NATIONAL","US TOTAL","","","","","","","","00000000","","CORN","CORN, GRAIN - YIELD, MEASURED IN BU / ACRE","TOTAL","NOT SPECIFIED","176.5",""
"SURVEY","2021","YEAR - SEP FORECAST","","NATIONAL","US TOTAL","","","","","","","","00000000","","CORN","CORN, GRAIN - YIELD, MEASURED IN BU / ACRE","TOTAL","NOT SPECIFIED","176.3",""
"SURVEY","2020","YEAR","","NATIONAL","US TOTAL","","","","","","","","00000000","","CORN","CORN, GRAIN - YIELD, MEASURED IN BU / ACRE","TOTAL","NOT SPECIFIED","171.4",""
"SURVEY","2020","YEAR - AUG FORECAST","","NATIONAL","US TOTAL","","","","","","","","00000000","","CORN","CORN, GRAIN - YIELD, MEASURED IN BU / ACRE","TOTAL","NOT SPECIFIED","181.8",""
"SURVEY","2020","YEAR - NOV FORECAST","","NATIONAL","US TOTAL","","","","","","","","00000000","","CORN","CORN, GRAIN - YIELD, MEASURED IN BU / ACRE","TOTAL","NOT SPECIFIED","175.8",""
"SURVEY","2020","YEAR - OCT FORECAST","","NATIONAL","US TOTAL","","","","","","","","00000000","","CORN","CORN, GRAIN - YIELD, MEASURED IN BU / ACRE","TOTAL","NOT SPECIFIED","178.4",""
"SURVEY","2020","YEAR - SEP FORECAST","","NATIONAL","US TOTAL","","","","","","","","00000000","","CORN","CORN, GRAIN - YIELD, MEASURED IN BU / ACRE","TOTAL","NOT SPECIFIED","178.5",""
"SURVEY","2019","YEAR","","NATIONAL","US TOTAL","","","","","","","","00000000","","CORN","CORN, GRAIN - YIELD, MEASURED IN BU / ACRE","TOTAL","NOT SPECIFIED","167.5",""
"SURVEY","2019","YEAR - AUG FORECAST","","NATIONAL","US TOTAL","","","","","","","","00000000","","CORN","CORN, GRAIN - YIELD, MEASURED IN BU / ACRE","TOTAL","NOT SPECIFIED","169.5",""
"SURVEY","2019","YEAR - NOV FORECAST","","NATIONAL","US TOTAL","","","","","","","","00000000","","CORN","CORN, GRAIN - YIELD, MEASURED IN BU / ACRE","TOTAL","NOT SPECIFIED","167",""
"SURVEY","2019","YEAR - OCT FORECAST","","NATIONAL","US TOTAL","","","","","","","","00000000","","CORN","CORN, GRAIN - YIELD, MEASURED IN BU / ACRE","TOTAL","NOT SPECIFIED","168.4",""
"SURVEY","2019","YEAR - SEP FORECAST","","NATIONAL","US TOTAL","","","","","","","","00000000","","CORN","CORN, GRAIN - YIELD, MEASURED IN BU / ACRE","TOTAL","NOT SPECIFIED","168.2",""
"SURVEY","2018","YEAR","","NATIONAL","US TOTAL","","","","","","","","00000000","","CORN","CORN, GRAIN - YIELD, MEASURED IN BU / ACRE","TOTAL","NOT SPECIFIED","176.4",""
"SURVEY","2018","YEAR - AUG FORECAST","","NATIONAL","US TOTAL","","","","","","","","00000000","","CORN","CORN, GRAIN - YIELD, MEASURED IN BU / ACRE","TOTAL","NOT SPECIFIED","178.4",""
"SURVEY","2018","YEAR - NOV FORECAST","","NATIONAL","US TOTAL","","","","","","","","00000000","","CORN","CORN, GRAIN - YIELD, MEASURED IN BU / ACRE","TOTAL","NOT SPECIFIED","178.9",""
"SURVEY","2018","YEAR - OCT FORECAST","","NATIONAL","US TOTAL","","","","","","","","00000000","","CORN","CORN, GRAIN - YIELD, MEASURED IN BU / ACRE","TOTAL","NOT SPECIFIED","180.7",""
"SURVEY","2018","YEAR - SEP FORECAST","","NATIONAL","US TOTAL","","","","","","","","00000000","","CORN","CORN, GRAIN - YIELD, MEASURED IN BU / ACRE","TOTAL","NOT SPECIFIED","181.3",""
"SURVEY","2017","YEAR","","NATIONAL","US TOTAL","","","","","","","","00000000","","CORN","CORN, GRAIN - YIELD, MEASURED IN BU / ACRE","TOTAL","NOT SPECIFIED","176.6",""
"SURVEY","2017","YEAR - AUG FORECAST","","NATIONAL","US TOTAL","","","","","","","","00000000","","CORN","CORN, GRAIN - YIELD, MEASURED IN BU / ACRE","TOTAL","NOT SPECIFIED","169.5",""
"SURVEY","2017","YEAR - NOV FORECAST","","NATIONAL","US TOTAL","","","","","","","","00000000","","CORN","CORN, GRAIN - YIELD, MEASURED IN BU / ACRE","TOTAL","NOT SPECIFIED","175.4",""
"SURVEY","2017","YEAR - OCT FORECAST","","NATIONAL","US TOTAL","","","","","","","","00000000","","CORN","CORN, GRAIN - YIELD, MEASURED IN BU / ACRE","TOTAL","NOT SPECIFIED","171.8",""
"SURVEY","2017","YEAR - SEP FORECAST","","NATIONAL","US TOTAL","","","","","","","","00000000","","CORN","CORN, GRAIN - YIELD, MEASURED IN BU / ACRE","TOTAL","NOT SPECIFIED","169.9",""
"SURVEY","2016","YEAR","","NATIONAL","US TOTAL","","","","","","","","00000000","","CORN","CORN, GRAIN - YIELD, MEASURED IN BU / ACRE","TOTAL","NOT SPECIFIED","174.6",""
"SURVEY","2016","YEAR - AUG FORECAST","","NATIONAL","US TOTAL","","","","","","","","00000000","","CORN","CORN, GRAIN - YIELD, MEASURED IN BU / ACRE","TOTAL","NOT SPECIFIED","175.1",""
"SURVEY","2016","YEAR - NOV FORECAST","","NATIONAL","US TOTAL","","","","","","","","00000000","","CORN","CORN, GRAIN - YIELD, MEASURED IN BU / ACRE","TOTAL","NOT SPECIFIED","175.3",""
"SURVEY","2016","YEAR - OCT FORECAST","","NATIONAL","US TOTAL","","","","","","","","00000000","","CORN","CORN, GRAIN - YIELD, MEASURED IN BU / ACRE","TOTAL","NOT SPECIFIED","173.4",""
"SURVEY","2016","YEAR - SEP FORECAST","","NATIONAL","US TOTAL","","","","","","","","00000000","","CORN","CORN, GRAIN - YIELD, MEASURED IN BU / ACRE","TOTAL","NOT SPECIFIED","174.4",""
"SURVEY","2015","YEAR","","NATIONAL","US TOTAL","","","","","","","","00000000","","CORN","CORN, GRAIN - YIELD, MEASURED IN BU / ACRE","TOTAL","NOT SPECIFIED","168.4",""
"SURVEY","2015","YEAR - AUG FORECAST","","NATIONAL","US TOTAL","","","","","","","","00000000","","CORN","CORN, GRAIN - YIELD, MEASURED IN BU / ACRE","TOTAL","NOT SPECIFIED","168.8",""
"SURVEY","2015","YEAR - NOV FORECAST","","NATIONAL","US TOTAL","","","","","","","","00000000","","CORN","CORN, GRAIN - YIELD, MEASURED IN BU / ACRE","TOTAL","NOT SPECIFIED","169.3",""
"SURVEY","2015","YEAR - OCT FORECAST","","NATIONAL","US TOTAL","","","","","","","","00000000","","CORN","CORN, GRAIN - YIELD, MEASURED IN BU / ACRE","TOTAL","NOT SPECIFIED","168",""
"SURVEY","2015","YEAR - SEP FORECAST","","NATIONAL","US TOTAL","","","","","","","","00000000","","CORN","CORN, GRAIN - YIELD, MEASURED IN BU / ACRE","TOTAL","NOT SPECIFIED","167.5",""
"SURVEY","2014","YEAR","","NATIONAL","US TOTAL","","","","","","","","00000000","","CORN","CORN, GRAIN - YIELD, MEASURED IN BU / ACRE","TOTAL","NOT SPECIFIED","171",""
"SURVEY","2014","YEAR - AUG FORECAST","","NATIONAL","US TOTAL","","","","","","","","00000000","","CORN","CORN, GRAIN - YIELD, MEASURED IN BU / ACRE","TOTAL","NOT SPECIFIED","167.4",""
"SURVEY","2014","YEAR - NOV FORECAST","","NATIONAL","US TOTAL","","","","","","","","00000000","","CORN","CORN, GRAIN - YIELD, MEASURED IN BU / ACRE","TOTAL","NOT SPECIFIED","173.4",""
"SURVEY","2014","YEAR - OCT FORECAST","","NATIONAL","US TOTAL","","","","","","","","00000000","","CORN","CORN, GRAIN - YIELD, MEASURED IN BU / ACRE","TOTAL","NOT SPECIFIED","174.2",""
"SURVEY","2014","YEAR - SEP FORECAST","","NATIONAL","US TOTAL","","","","","","","","00000000","","CORN","CORN, GRAIN - YIELD, MEASURED IN BU / ACRE","TOTAL","NOT SPECIFIED","171.7",""
"SURVEY","2013","YEAR","","NATIONAL","US TOTAL","","","","","","","","00000000","","CORN","CORN, GRAIN - YIELD, MEASURED IN BU / ACRE","TOTAL","NOT SPECIFIED","158.1",""
"SURVEY","2013","YEAR - AUG FORECAST","","NATIONAL","US TOTAL","","","","","","","","00000000","","CORN","CORN, GRAIN - YIELD, MEASURED IN BU / ACRE","TOTAL","NOT SPECIFIED","154.4",""
"SURVEY","2013","YEAR - NOV FORECAST","","NATIONAL","US TOTAL","","","","","","","","00000000","","CORN","CORN, GRAIN - YIELD, MEASURED IN BU / ACRE","TOTAL","NOT SPECIFIED","160.4",""
"SURVEY","2013","YEAR - SEP FORECAST","","NATIONAL","US TOTAL","","","","","","","","00000000","","CORN","CORN, GRAIN - YIELD, MEASURED IN BU / ACRE","TOTAL","NOT SPECIFIED","155.3",""
"SURVEY","2012","YEAR","","NATIONAL","US TOTAL","","","","","","","","00000000","","CORN","CORN, GRAIN - YIELD, MEASURED IN BU / ACRE","TOTAL","NOT SPECIFIED","123.1",""
"SURVEY","2012","YEAR - AUG FORECAST","","NATIONAL","US TOTAL","","","","","","","","00000000","","CORN","CORN, GRAIN - YIELD, MEASURED IN BU / ACRE","TOTAL","NOT SPECIFIED","123.4",""
"SURVEY","2012","YEAR - NOV FORECAST","","NATIONAL","US TOTAL","","","","","","","","00000000","","CORN","CORN, GRAIN - YIELD, MEASURED IN BU / ACRE","TOTAL","NOT SPECIFIED","122.3",""
"SURVEY","2012","YEAR - OCT FORECAST","","NATIONAL","US TOTAL","","","","","","","","00000000","","CORN","CORN, GRAIN - YIELD, MEASURED IN BU / ACRE","TOTAL","NOT SPECIFIED","122",""
"SURVEY","2012","YEAR - SEP FORECAST","","NATIONAL","US TOTAL","","","","","","","","00000000","","CORN","CORN, GRAIN - YIELD, MEASURED IN BU / ACRE","TOTAL","NOT SPECIFIED","122.8",""
"SURVEY","2011","YEAR","","NATIONAL","US TOTAL","","","","","","","","00000000","","CORN","CORN, GRAIN - YIELD, MEASURED IN BU / ACRE","TOTAL","NOT SPECIFIED","146.8",""
"SURVEY","2011","YEAR - AUG FORECAST","","NATIONAL","US TOTAL","","","","","","","","00000000","","CORN","CORN, GRAIN - YIELD, MEASURED IN BU / ACRE","TOTAL","NOT SPECIFIED","153",""
"SURVEY","2011","YEAR - NOV FORECAST","","NATIONAL","US TOTAL","","","","","","","","00000000","","CORN","CORN, GRAIN - YIELD, MEASURED IN BU / ACRE","TOTAL","NOT SPECIFIED","146.7",""
"SURVEY","2011","YEAR - OCT FORECAST","","NATIONAL","US TOTAL","","","","","","","","00000000","","CORN","CORN, GRAIN - YIELD, MEASURED IN BU / ACRE","TOTAL","NOT SPECIFIED","148.1",""
"SURVEY","2011","YEAR - SEP FORECAST","","NATIONAL","US TOTAL","","","","","","","","00000000","","CORN","CORN, GRAIN - YIELD, MEASURED IN BU / ACRE","TOTAL","NOT SPECIFIED","148.1",""
"SURVEY","2010","YEAR","","NATIONAL","US TOTAL","","","","","","","","00000000","","CORN","CORN, GRAIN - YIELD, MEASURED IN BU / ACRE","TOTAL","NOT SPECIFIED","152.6",""
"SURVEY","2010","YEAR - AUG FORECAST","","NATIONAL","US TOTAL","","","","","","","","00000000","","CORN","CORN, GRAIN - YIELD, MEASURED IN BU / ACRE","TOTAL","NOT SPECIFIED","165",""
"SURVEY","2010","YEAR - NOV FORECAST","","NATIONAL","US TOTAL","","","","","","","","00000000","","CORN","CORN, GRAIN - YIELD, MEASURED IN BU / ACRE","TOTAL","NOT SPECIFIED","154.3",""
"SURVEY","2010","YEAR - OCT FORECAST","","NATIONAL","US TOTAL","","","","","","","","00000000","","CORN","CORN, GRAIN - YIELD, MEASURED IN BU / ACRE","TOTAL","NOT SPECIFIED","155.8",""
"SURVEY","2010","YEAR - SEP FORECAST","","NATIONAL","US TOTAL","","","","","","","","00000000","","CORN","CORN, GRAIN - YIELD, MEASURED IN BU / ACRE","TOTAL","NOT SPECIFIED","162.5",""
"SURVEY","2009","YEAR","","NATIONAL","US TOTAL","","","","","","","","00000000","","CORN","CORN, GRAIN - YIELD, MEASURED IN BU / ACRE","TOTAL","NOT SPECIFIED","164.4",""
"SURVEY","2009","YEAR - AUG FORECAST","","NATIONAL","US TOTAL","","","","","","","","00000000","","CORN","CORN, GRAIN - YIELD, MEASURED IN BU / ACRE","TOTAL","NOT SPECIFIED","159.5",""
"SURVEY","2009","YEAR - NOV FORECAST","","NATIONAL","US TOTAL","","","","","","","","00000000","","CORN","CORN, GRAIN - YIELD, MEASURED IN BU / ACRE","TOTAL","NOT SPECIFIED","162.9",""
"SURVEY","2009","YEAR - OCT FORECAST","","NATIONAL","US TOTAL","","","","","","","","00000000","","CORN","CORN, GRAIN - YIELD, MEASURED IN BU / ACRE","TOTAL","NOT SPECIFIED","164.2",""
"SURVEY","2009","YEAR - SEP FORECAST","","NATIONAL","US TOTAL","","","","","","","","00000000","","CORN","CORN, GRAIN - YIELD, MEASURED IN BU / ACRE","TOTAL","NOT SPECIFIED","161.9",""
"SURVEY","2008","YEAR","","NATIONAL","US TOTAL","","","","","","","","00000000","","CORN","CORN, GRAIN - YIELD, MEASURED IN BU / ACRE","TOTAL","NOT SPECIFIED","153.3",""
"SURVEY","2008","YEAR - AUG FORECAST","","NATIONAL","US TOTAL","","","","","","","","00000000","","CORN","CORN, GRAIN - YIELD, MEASURED IN BU / ACRE","TOTAL","NOT SPECIFIED","155",""
"SURVEY","2008","YEAR - NOV FORECAST","","NATIONAL","US TOTAL","","","","","","","","00000000","","CORN","CORN, GRAIN - YIELD, MEASURED IN BU / ACRE","TOTAL","NOT SPECIFIED","153.8",""
"SURVEY","2008","YEAR - OCT FORECAST","","NATIONAL","US TOTAL","","","","","","","","00000000","","CORN","CORN, GRAIN - YIELD, MEASURED IN BU / ACRE","TOTAL","NOT SPECIFIED","153.9",""
"SURVEY","2008","YEAR - SEP FORECAST","","NATIONAL","US TOTAL","","","","","","","","00000000","","CORN","CORN, GRAIN - YIELD, MEASURED IN BU / ACRE","TOTAL","NOT SPECIFIED","152.3",""
"SURVEY","2007","YEAR","","NATIONAL","US TOTAL","","","","","","","","00000000","","CORN","CORN, GRAIN - YIELD, MEASURED IN BU / ACRE","TOTAL","NOT SPECIFIED","150.7",""
"SURVEY","2007","YEAR - AUG FORECAST","","NATIONAL","US TOTAL","","","","","","","","00000000","","CORN","CORN, GRAIN - YIELD, MEASURED IN BU / ACRE","TOTAL","NOT SPECIFIED","152.8",""
"SURVEY","2007","YEAR - NOV FORECAST","","NATIONAL","US TOTAL","","","","","","","","00000000","","CORN","CORN, GRAIN - YIELD, MEASURED IN BU / ACRE","TOTAL","NOT SPECIFIED","153",""
"SURVEY","2007","YEAR - OCT FORECAST","","NATIONAL","US TOTAL","","","","","","","","00000000","","CORN","CORN, GRAIN - YIELD, MEASURED IN BU / ACRE","TOTAL","NOT SPECIFIED","154.7",""
"SURVEY","2007","YEAR - SEP FORECAST","","NATIONAL","US TOTAL","","","","","","","","00000000","","CORN","CORN, GRAIN - YIELD, MEASURED IN BU / ACRE","TOTAL","NOT SPECIFIED","155.8",""
"SURVEY","2006","YEAR","","NATIONAL","US TOTAL","","","","","","","","00000000","","CORN","CORN, GRAIN - YIELD, MEASURED IN BU / ACRE","TOTAL","NOT SPECIFIED","149.1",""
"SURVEY","2006","YEAR - AUG FORECAST","","NATIONAL","US TOTAL","","","","","","","","00000000","","CORN","CORN, GRAIN - YIELD, MEASURED IN BU / ACRE","TOTAL","NOT SPECIFIED","152.2",""
"SURVEY","2006","YEAR - NOV FORECAST","","NATIONAL","US TOTAL","","","","","","","","00000000","","CORN","CORN, GRAIN - YIELD, MEASURED IN BU / ACRE","TOTAL","NOT SPECIFIED","151.2",""
"SURVEY","2006","YEAR - OCT FORECAST","","NATIONAL","US TOTAL","","","","","","","","00000000","","CORN","CORN, GRAIN - YIELD, MEASURED IN BU / ACRE","TOTAL","NOT SPECIFIED","153.5",""
"SURVEY","2006","YEAR - SEP FORECAST","","NATIONAL","US TOTAL","","","","","","","","00000000","","CORN","CORN, GRAIN - YIELD, MEASURED IN BU / ACRE","TOTAL","NOT SPECIFIED","154.7",""
"SURVEY","2005","YEAR","","NATIONAL","US TOTAL","","","","","","","","00000000","","CORN","CORN, GRAIN - YIELD, MEASURED IN BU / ACRE","TOTAL","NOT SPECIFIED","147.9",""
"SURVEY","2005","YEAR - AUG FORECAST","","NATIONAL","US TOTAL","","","","","","","","00000000","","CORN","CORN, GRAIN - YIELD, MEASURED IN BU / ACRE","TOTAL","NOT SPECIFIED","139.2",""
"SURVEY","2005","YEAR - NOV FORECAST","","NATIONAL","US TOTAL","","","","","","","","00000000","","CORN","CORN, GRAIN - YIELD, MEASURED IN BU / ACRE","TOTAL","NOT SPECIFIED","148.4",""
"SURVEY","2005","YEAR - OCT FORECAST","","NATIONAL","US TOTAL","","","","","","","","00000000","","CORN","CORN, GRAIN - YIELD, MEASURED IN BU / ACRE","TOTAL","NOT SPECIFIED","146.1",""
"SURVEY","2005","YEAR - SEP FORECAST","","NATIONAL","US TOTAL","","","","","","","","00000000","","CORN","CORN, GRAIN - YIELD, MEASURED IN BU / ACRE","TOTAL","NOT SPECIFIED","143.2",""
"SURVEY","2004","YEAR","","NATIONAL","US TOTAL","","","","","","","","00000000","","CORN","CORN, GRAIN - YIELD, MEASURED IN BU / ACRE","TOTAL","NOT SPECIFIED","160.3",""
"SURVEY","2004","YEAR - AUG FORECAST","","NATIONAL","US TOTAL","","","","","","","","00000000","","CORN","CORN, GRAIN - YIELD, MEASURED IN BU / ACRE","TOTAL","NOT SPECIFIED","148.9",""
"SURVEY","2004","YEAR - NOV FORECAST","","NATIONAL","US TOTAL","","","","","","","","00000000","","CORN","CORN, GRAIN - YIELD, MEASURED IN BU / ACRE","TOTAL","NOT SPECIFIED","160.2",""
"SURVEY","2004","YEAR - OCT FORECAST","","NATIONAL","US TOTAL","","","","","","","","00000000","","CORN","CORN, GRAIN - YIELD, MEASURED IN BU / ACRE","TOTAL","NOT SPECIFIED","158.4",""
"SURVEY","2004","YEAR - SEP FORECAST","","NATIONAL","US TOTAL","","","","","","","","00000000","","CORN","CORN, GRAIN - YIELD, MEASURED IN BU / ACRE","TOTAL","NOT SPECIFIED","149.4",""
"SURVEY","2003","YEAR","","NATIONAL","US TOTAL","","","","","","","","00000000","","CORN","CORN, GRAIN - YIELD, MEASURED IN BU / ACRE","TOTAL","NOT SPECIFIED","142.2",""
"SURVEY","2003","YEAR - AUG FORECAST","","NATIONAL","US TOTAL","","","","","","","","00000000","","CORN","CORN, GRAIN - YIELD, MEASURED IN BU / ACRE","TOTAL","NOT SPECIFIED","139.9",""
"SURVEY","2003","YEAR - NOV FORECAST","","NATIONAL","US TOTAL","","","","","","","","00000000","","CORN","CORN, GRAIN - YIELD, MEASURED IN BU / ACRE","TOTAL","NOT SPECIFIED","143.2",""
"SURVEY","2003","YEAR - OCT FORECAST","","NATIONAL","US TOTAL","","","","","","","","00000000","","CORN","CORN, GRAIN - YIELD, MEASURED IN BU / ACRE","TOTAL","NOT SPECIFIED","142.2",""
"SURVEY","2003","YEAR - SEP FORECAST","","NATIONAL","US TOTAL","","","","","","","","00000000","","CORN","CORN, GRAIN - YIELD, MEASURED IN BU / ACRE","TOTAL","NOT SPECIFIED","138.5",""
"SURVEY","2002","YEAR","","NATIONAL","US TOTAL","","","","","","","","00000000","","CORN","CORN, GRAIN - YIELD, MEASURED IN BU / ACRE","TOTAL","NOT SPECIFIED","129.3",""
"SURVEY","2002","YEAR - AUG FORECAST","","NATIONAL","US TOTAL","","","","","","","","00000000","","CORN","CORN, GRAIN - YIELD, MEASURED IN BU / ACRE","TOTAL","NOT SPECIFIED","125.2",""
"SURVEY","2002","YEAR - NOV FORECAST","","NATIONAL","US TOTAL","","","","","","","","00000000","","CORN","CORN, GRAIN - YIELD, MEASURED IN BU / ACRE","TOTAL","NOT SPECIFIED","127.6",""
"SURVEY","2002","YEAR - OCT FORECAST","","NATIONAL","US TOTAL","","","","","","","","00000000","","CORN","CORN, GRAIN - YIELD, MEASURED IN BU / ACRE","TOTAL","NOT SPECIFIED","127.2",""
"SURVEY","2002","YEAR - SEP FORECAST","","NATIONAL","US TOTAL","","","","","","","","00000000","","CORN","CORN, GRAIN - YIELD, MEASURED IN BU / ACRE","TOTAL","NOT SPECIFIED","125.4",""
"SURVEY","2001","YEAR","","NATIONAL","US TOTAL","","","","","","","","00000000","","CORN","CORN, GRAIN - YIELD, MEASURED IN BU / ACRE","TOTAL","NOT SPECIFIED","138.2",""
"SURVEY","2001","YEAR - AUG FORECAST","","NATIONAL","US TOTAL","","","","","","","","00000000","","CORN","CORN, GRAIN - YIELD, MEASURED IN BU / ACRE","TOTAL","NOT SPECIFIED","133.9",""
"SURVEY","2001","YEAR - NOV FORECAST","","NATIONAL","US TOTAL","","","","","","","","00000000","","CORN","CORN, GRAIN - YIELD, MEASURED IN BU / ACRE","TOTAL","NOT SPECIFIED","138",""
"SURVEY","2001","YEAR - OCT FORECAST","","NATIONAL","US TOTAL","","","","","","","","00000000","","CORN","CORN, GRAIN - YIELD, MEASURED IN BU / ACRE","TOTAL","NOT SPECIFIED","136.3",""
"SURVEY","2001","YEAR - SEP FORECAST","","NATIONAL","US TOTAL","","","","","","","","00000000","","CORN","CORN, GRAIN - YIELD, MEASURED IN BU / ACRE","TOTAL","NOT SPECIFIED","133.5",""
"SURVEY","2000","YEAR","","NATIONAL","US TOTAL","","","","","","","","00000000","","CORN","CORN, GRAIN - YIELD, MEASURED IN BU / ACRE","TOTAL","NOT SPECIFIED","136.9",""
"SURVEY","2000","YEAR - AUG FORECAST","","NATIONAL","US TOTAL","","","","","","","","00000000","","CORN","CORN, GRAIN - YIELD, MEASURED IN BU / ACRE","TOTAL","NOT SPECIFIED","141.9",""
"SURVEY","2000","YEAR - NOV FORECAST","","NATIONAL","US TOTAL","","","","","","","","00000000","","CORN","CORN, GRAIN - YIELD, MEASURED IN BU / ACRE","TOTAL","NOT SPECIFIED","137.7",""
"SURVEY","2000","YEAR - OCT FORECAST","","NATIONAL","US TOTAL","","","","","","","","00000000","","CORN","CORN, GRAIN - YIELD, MEASURED IN BU / ACRE","TOTAL","NOT SPECIFIED","139.6",""
"SURVEY","2000","YEAR - SEP FORECAST","","NATIONAL","US TOTAL","","","","","","","","00000000","","CORN","CORN, GRAIN - YIELD, MEASURED IN BU / ACRE","TOTAL","NOT SPECIFIED","141.8",""
"SURVEY","1999","YEAR","","NATIONAL","US TOTAL","","","","","","","","00000000","","CORN","CORN, GRAIN - YIELD, MEASURED IN BU / ACRE","TOTAL","NOT SPECIFIED","133.8",""
"SURVEY","1999","YEAR - AUG FORECAST","","NATIONAL","US TOTAL","","","","","","","","00000000","","CORN","CORN, GRAIN - YIELD, MEASURED IN BU / ACRE","TOTAL","NOT SPECIFIED","134.7",""
"SURVEY","1999","YEAR - NOV FORECAST","","NATIONAL","US TOTAL","","","","","","","","00000000","","CORN","CORN, GRAIN - YIELD, MEASURED IN BU / ACRE","TOTAL","NOT SPECIFIED","134.5",""
"SURVEY","1999","YEAR - OCT FORECAST","","NATIONAL","US TOTAL","","","","","","","","00000000","","CORN","CORN, GRAIN - YIELD, MEASURED IN BU / ACRE","TOTAL","NOT SPECIFIED","133.5",""
"SURVEY","1999","YEAR - SEP FORECAST","","NATIONAL","US TOTAL","","","","","","","","00000000","","CORN","CORN, GRAIN - YIELD, MEASURED IN BU / ACRE","TOTAL","NOT SPECIFIED","132.2",""
"SURVEY","1998","YEAR","","NATIONAL","US TOTAL","","","","","","","","00000000","","CORN","CORN, GRAIN - YIELD, MEASURED IN BU / ACRE","TOTAL","NOT SPECIFIED","134.4",""
"SURVEY","1998","YEAR - AUG FORECAST","","NATIONAL","US TOTAL","","","","","","","","00000000","","CORN","CORN, GRAIN - YIELD, MEASURED IN BU / ACRE","TOTAL","NOT SPECIFIED","130",""
"SURVEY","1998","YEAR - NOV FORECAST","","NATIONAL","US TOTAL","","","","","","","","00000000","","CORN","CORN, GRAIN - YIELD, MEASURED IN BU / ACRE","TOTAL","NOT SPECIFIED","133",""
"SURVEY","1998","YEAR - OCT FORECAST","","NATIONAL","US TOTAL","","","","","","","","00000000","","CORN","CORN, GRAIN - YIELD, MEASURED IN BU / ACRE","TOTAL","NOT SPECIFIED","132",""
"SURVEY","1998","YEAR - SEP FORECAST","","NATIONAL","US TOTAL","","","","","","","","00000000","","CORN","CORN, GRAIN - YIELD, MEASURED IN BU / ACRE","TOTAL","NOT SPECIFIED","132",""
"SURVEY","1997","YEAR","","NATIONAL","US TOTAL","","","","","","","","00000000","","CORN","CORN, GRAIN - YIELD, MEASURED IN BU / ACRE","TOTAL","NOT SPECIFIED","126.7",""
"SURVEY","1997","YEAR - AUG FORECAST","","NATIONAL","US TOTAL","","","","","","","","00000000","","CORN","CORN, GRAIN - YIELD, MEASURED IN BU / ACRE","TOTAL","NOT SPECIFIED","125.3",""
"SURVEY","1997","YEAR - NOV FORECAST","","NATIONAL","US TOTAL","","","","","","","","00000000","","CORN","CORN, GRAIN - YIELD, MEASURED IN BU / ACRE","TOTAL","NOT SPECIFIED","126.4",""
"SURVEY","1997","YEAR - OCT FORECAST","","NATIONAL","US TOTAL","","","","","","","","00000000","","CORN","CORN, GRAIN - YIELD, MEASURED IN BU / ACRE","TOTAL","NOT SPECIFIED","125.8",""
"SURVEY","1997","YEAR - SEP FORECAST","","NATIONAL","US TOTAL","","","","","","","","00000000","","CORN","CORN, GRAIN - YIELD, MEASURED IN BU / ACRE","TOTAL","NOT SPECIFIED","125.2",""
"SURVEY","1996","YEAR","","NATIONAL","US TOTAL","","","","","","","","00000000","","CORN","CORN, GRAIN - YIELD, MEASURED IN BU / ACRE","TOTAL","NOT SPECIFIED","127.1",""
"SURVEY","1996","YEAR - AUG FORECAST","","NATIONAL","US TOTAL","","","","","","","","00000000","","CORN","CORN, GRAIN - YIELD, MEASURED IN BU / ACRE","TOTAL","NOT SPECIFIED","118.7",""
"SURVEY","1996","YEAR - NOV FORECAST","","NATIONAL","US TOTAL","","","","","","","","00000000","","CORN","CORN, GRAIN - YIELD, MEASURED IN BU / ACRE","TOTAL","NOT SPECIFIED","126.5",""
"SURVEY","1996","YEAR - OCT FORECAST","","NATIONAL","US TOTAL","","","","","","","","00000000","","CORN","CORN, GRAIN - YIELD, MEASURED IN BU / ACRE","TOTAL","NOT SPECIFIED","123",""
"SURVEY","1996","YEAR - SEP FORECAST","","NATIONAL","US TOTAL","","","","","","","","00000000","","CORN","CORN, GRAIN - YIELD, MEASURED IN BU / ACRE","TOTAL","NOT SPECIFIED","120.2",""
"SURVEY","1995","YEAR","","NATIONAL","US TOTAL","","","","","","","","00000000","","CORN","CORN, GRAIN - YIELD, MEASURED IN BU / ACRE","TOTAL","NOT SPECIFIED","113.5",""
"SURVEY","1995","YEAR - AUG FORECAST","","NATIONAL","US TOTAL","","","","","","","","00000000","","CORN","CORN, GRAIN - YIELD, MEASURED IN BU / ACRE","TOTAL","NOT SPECIFIED","125.6",""
"SURVEY","1995","YEAR - NOV FORECAST","","NATIONAL","US TOTAL","","","","","","","","00000000","","CORN","CORN, GRAIN - YIELD, MEASURED IN BU / ACRE","TOTAL","NOT SPECIFIED","113.7",""
"SURVEY","1995","YEAR - OCT FORECAST","","NATIONAL","US TOTAL","","","","","","","","00000000","","CORN","CORN, GRAIN - YIELD, MEASURED IN BU / ACRE","TOTAL","NOT SPECIFIED","116.6",""
"SURVEY","1995","YEAR - SEP FORECAST","","NATIONAL","US TOTAL","","","","","","","","00000000","","CORN","CORN, GRAIN - YIELD, MEASURED IN BU / ACRE","TOTAL","NOT SPECIFIED","121.1",""
"SURVEY","1994","YEAR","","NATIONAL","US TOTAL","","","","","","","","00000000","","CORN","CORN, GRAIN - YIELD, MEASURED IN BU / ACRE","TOTAL","NOT SPECIFIED","138.6",""
"SURVEY","1994","YEAR - AUG FORECAST","","NATIONAL","US TOTAL","","","","","","","","00000000","","CORN","CORN, GRAIN - YIELD, MEASURED IN BU / ACRE","TOTAL","NOT SPECIFIED","128.4",""
"SURVEY","1994","YEAR - NOV FORECAST","","NATIONAL","US TOTAL","","","","","","","","00000000","","CORN","CORN, GRAIN - YIELD, MEASURED IN BU / ACRE","TOTAL","NOT SPECIFIED","138.4",""
"SURVEY","1994","YEAR - OCT FORECAST","","NATIONAL","US TOTAL","","","","","","","","00000000","","CORN","CORN, GRAIN - YIELD, MEASURED IN BU / ACRE","TOTAL","NOT SPECIFIED","133.8",""
"SURVEY","1994","YEAR - SEP FORECAST","","NATIONAL","US TOTAL","","","","","","","","00000000","","CORN","CORN, GRAIN - YIELD, MEASURED IN BU / ACRE","TOTAL","NOT SPECIFIED","129",""
"SURVEY","1993","YEAR","","NATIONAL","US TOTAL","","","","","","","","00000000","","CORN","CORN, GRAIN - YIELD, MEASURED IN BU / ACRE","TOTAL","NOT SPECIFIED","100.7",""
"SURVEY","1993","YEAR - AUG FORECAST","","NATIONAL","US TOTAL","","","","","","","","00000000","","CORN","CORN, GRAIN - YIELD, MEASURED IN BU / ACRE","TOTAL","NOT SPECIFIED","116",""
"SURVEY","1993","YEAR - NOV FORECAST","","NATIONAL","US TOTAL","","","","","","","","00000000","","CORN","CORN, GRAIN - YIELD, MEASURED IN BU / ACRE","TOTAL","NOT SPECIFIED","103.1",""
"SURVEY","1993","YEAR - OCT FORECAST","","NATIONAL","US TOTAL","","","","","","","","00000000","","CORN","CORN, GRAIN - YIELD, MEASURED IN BU / ACRE","TOTAL","NOT SPECIFIED","110.3",""
"SURVEY","1993","YEAR - SEP FORECAST","","NATIONAL","US TOTAL","","","","","","","","00000000","","CORN","CORN, GRAIN - YIELD, MEASURED IN BU / ACRE","TOTAL","NOT SPECIFIED","113.1",""
"SURVEY","1992","YEAR","","NATIONAL","US TOTAL","","","","","","","","00000000","","CORN","CORN, GRAIN - YIELD, MEASURED IN BU / ACRE","TOTAL","NOT SPECIFIED","131.5",""
"SURVEY","1992","YEAR - AUG FORECAST","","NATIONAL","US TOTAL","","","","","","","","00000000","","CORN","CORN, GRAIN - YIELD, MEASURED IN BU / ACRE","TOTAL","NOT SPECIFIED","121.3",""
"SURVEY","1992","YEAR - NOV FORECAST","","NATIONAL","US TOTAL","","","","","","","","00000000","","CORN","CORN, GRAIN - YIELD, MEASURED IN BU / ACRE","TOTAL","NOT SPECIFIED","129.3",""
"SURVEY","1992","YEAR - OCT FORECAST","","NATIONAL","US TOTAL","","","","","","","","00000000","","CORN","CORN, GRAIN - YIELD, MEASURED IN BU / ACRE","TOTAL","NOT SPECIFIED","123.8",""
"SURVEY","1992","YEAR - SEP FORECAST","","NATIONAL","US TOTAL","","","","","","","","00000000","","CORN","CORN, GRAIN - YIELD, MEASURED IN BU / ACRE","TOTAL","NOT SPECIFIED","121.4",""
"SURVEY","1991","YEAR","","NATIONAL","US TOTAL","","","","","","","","00000000","","CORN","CORN, GRAIN - YIELD, MEASURED IN BU / ACRE","TOTAL","NOT SPECIFIED","108.6",""
"SURVEY","1991","YEAR - AUG FORECAST","","NATIONAL","US TOTAL","","","","","","","","00000000","","CORN","CORN, GRAIN - YIELD, MEASURED IN BU / ACRE","TOTAL","NOT SPECIFIED","107.8",""
"SURVEY","1991","YEAR - NOV FORECAST","","NATIONAL","US TOTAL","","","","","","","","00000000","","CORN","CORN, GRAIN - YIELD, MEASURED IN BU / ACRE","TOTAL","NOT SPECIFIED","108.9",""
"SURVEY","1991","YEAR - OCT FORECAST","","NATIONAL","US TOTAL","","","","","","","","00000000","","CORN","CORN, GRAIN - YIELD, MEASURED IN BU / ACRE","TOTAL","NOT SPECIFIED","108.8",""
"SURVEY","1991","YEAR - SEP FORECAST","","NATIONAL","US TOTAL","","","","","","","","00000000","","CORN","CORN, GRAIN - YIELD, MEASURED IN BU / ACRE","TOTAL","NOT SPECIFIED","106.1",""
"SURVEY","1990","YEAR","","NATIONAL","US TOTAL","","","","","","","","00000000","","CORN","CORN, GRAIN - YIELD, MEASURED IN BU / ACRE","TOTAL","NOT SPECIFIED","118.5",""
"SURVEY","1990","YEAR - AUG FORECAST","","NATIONAL","US TOTAL","","","","","","","","00000000","","CORN","CORN, GRAIN - YIELD, MEASURED IN BU / ACRE","TOTAL","NOT SPECIFIED","117.7",""
"SURVEY","1990","YEAR - NOV FORECAST","","NATIONAL","US TOTAL","","","","","","","","00000000","","CORN","CORN, GRAIN - YIELD, MEASURED IN BU / ACRE","TOTAL","NOT SPECIFIED","119",""
"SURVEY","1990","YEAR - OCT FORECAST","","NATIONAL","US TOTAL","","","","","","","","00000000","","CORN","CORN, GRAIN - YIELD, MEASURED IN BU / ACRE","TOTAL","NOT SPECIFIED","120.3",""
"SURVEY","1990","YEAR - SEP FORECAST","","NATIONAL","US TOTAL","","","","","","","","00000000","","CORN","CORN, GRAIN - YIELD, MEASURED IN BU / ACRE","TOTAL","NOT SPECIFIED","121.7",""
"SURVEY","1989","YEAR","","NATIONAL","US TOTAL","","","","","","","","00000000","","CORN","CORN, GRAIN - YIELD, MEASURED IN BU / ACRE","TOTAL","NOT SPECIFIED","116.3",""
"SURVEY","1989","YEAR - AUG FORECAST","","NATIONAL","US TOTAL","","","","","","","","00000000","","CORN","CORN, GRAIN - YIELD, MEASURED IN BU / ACRE","TOTAL","NOT SPECIFIED","112.8",""
"SURVEY","1989","YEAR - NOV FORECAST","","NATIONAL","US TOTAL","","","","","","","","00000000","","CORN","CORN, GRAIN - YIELD, MEASURED IN BU / ACRE","TOTAL","NOT SPECIFIED","116.6",""
"SURVEY","1989","YEAR - OCT FORECAST","","NATIONAL","US TOTAL","","","","","","","","00000000","","CORN","CORN, GRAIN - YIELD, MEASURED IN BU / ACRE","TOTAL","NOT SPECIFIED","114.4",""
"SURVEY","1989","YEAR - SEP FORECAST","","NATIONAL","US TOTAL","","","","","","","","00000000","","CORN","CORN, GRAIN - YIELD, MEASURED IN BU / ACRE","TOTAL","NOT SPECIFIED","112.4",""
"SURVEY","1988","YEAR","","NATIONAL","US TOTAL","","","","","","","","00000000","","CORN","CORN, GRAIN - YIELD, MEASURED IN BU / ACRE","TOTAL","NOT SPECIFIED","84.6",""
"SURVEY","1988","YEAR - AUG FORECAST","","NATIONAL","US TOTAL","","","","","","","","00000000","","CORN","CORN, GRAIN - YIELD, MEASURED IN BU / ACRE","TOTAL","NOT SPECIFIED","78.5",""
"SURVEY","1988","YEAR - NOV FORECAST","","NATIONAL","US TOTAL","","","","","","","","00000000","","CORN","CORN, GRAIN - YIELD, MEASURED IN BU / ACRE","TOTAL","NOT SPECIFIED","82.3",""
"SURVEY","1988","YEAR - OCT FORECAST","","NATIONAL","US TOTAL","","","","","","","","00000000","","CORN","CORN, GRAIN - YIELD, MEASURED IN BU / ACRE","TOTAL","NOT SPECIFIED","80.2",""
"SURVEY","1988","YEAR - SEP FORECAST","","NATIONAL","US TOTAL","","","","","","","","00000000","","CORN","CORN, GRAIN - YIELD, MEASURED IN BU / ACRE","TOTAL","NOT SPECIFIED","78.5",""
"SURVEY","1987","YEAR","","NATIONAL","US TOTAL","","","","","","","","00000000","","CORN","CORN, GRAIN - YIELD, MEASURED IN BU / ACRE","TOTAL","NOT SPECIFIED","119.8",""
"SURVEY","1987","YEAR - AUG FORECAST","","NATIONAL","US TOTAL","","","","","","","","00000000","","CORN","CORN, GRAIN - YIELD, MEASURED IN BU / ACRE","TOTAL","NOT SPECIFIED","121.4",""
"SURVEY","1987","YEAR - NOV FORECAST","","NATIONAL","US TOTAL","","","","","","","","00000000","","CORN","CORN, GRAIN - YIELD, MEASURED IN BU / ACRE","TOTAL","NOT SPECIFIED","120.3",""
"SURVEY","1987","YEAR - OCT FORECAST","","NATIONAL","US TOTAL","","","","","","","","00000000","","CORN","CORN, GRAIN - YIELD, MEASURED IN BU / ACRE","TOTAL","NOT SPECIFIED","119.3",""
"SURVEY","1987","YEAR - SEP FORECAST","","NATIONAL","US TOTAL","","","","","","","","00000000","","CORN","CORN, GRAIN - YIELD, MEASURED IN BU / ACRE","TOTAL","NOT SPECIFIED","119.9",""
"SURVEY","1986","YEAR","","NATIONAL","US TOTAL","","","","","","","","00000000","","CORN","CORN, GRAIN - YIELD, MEASURED IN BU / ACRE","TOTAL","NOT SPECIFIED","119.4",""
"SURVEY","1986","YEAR - AUG FORECAST","","NATIONAL","US TOTAL","","","","","","","","00000000","","CORN","CORN, GRAIN - YIELD, MEASURED IN BU / ACRE","TOTAL","NOT SPECIFIED","120.4",""
"SURVEY","1986","YEAR - NOV FORECAST","","NATIONAL","US TOTAL","","","","","","","","00000000","","CORN","CORN, GRAIN - YIELD, MEASURED IN BU / ACRE","TOTAL","NOT SPECIFIED","119.3",""
"SURVEY","1986","YEAR - OCT FORECAST","","NATIONAL","US TOTAL","","","","","","","","00000000","","CORN","CORN, GRAIN - YIELD, MEASURED IN BU / ACRE","TOTAL","NOT SPECIFIED","119.2",""
"SURVEY","1986","YEAR - SEP FORECAST","","NATIONAL","US TOTAL","","","","","","","","00000000","","CORN","CORN, GRAIN - YIELD, MEASURED IN BU / ACRE","TOTAL","NOT SPECIFIED","119.7",""
"SURVEY","1985","YEAR","","NATIONAL","US TOTAL","","","","","","","","00000000","","CORN","CORN, GRAIN - YIELD, MEASURED IN BU / ACRE","TOTAL","NOT SPECIFIED","118",""
"SURVEY","1985","YEAR - AUG FORECAST","","NATIONAL","US TOTAL","","","","","","","","00000000","","CORN","CORN, GRAIN - YIELD, MEASURED IN BU / ACRE","TOTAL","NOT SPECIFIED","110.6",""
"SURVEY","1985","YEAR - NOV FORECAST","","NATIONAL","US TOTAL","","","","","","","","00000000","","CORN","CORN, GRAIN - YIELD, MEASURED IN BU / ACRE","TOTAL","NOT SPECIFIED","116.6",""
"SURVEY","1985","YEAR - OCT FORECAST","","NATIONAL","US TOTAL","","","","","","","","00000000","","CORN","CORN, GRAIN - YIELD, MEASURED IN BU / ACRE","TOTAL","NOT SPECIFIED","115.1",""
"SURVEY","1985","YEAR - SEP FORECAST","","NATIONAL","US TOTAL","","","","","","","","00000000","","CORN","CORN, GRAIN - YIELD, MEASURED IN BU / ACRE","TOTAL","NOT SPECIFIED","113.3",""
"SURVEY","1984","YEAR","","NATIONAL","US TOTAL","","","","","","","","00000000","","CORN","CORN, GRAIN - YIELD, MEASURED IN BU / ACRE","TOTAL","NOT SPECIFIED","106.7",""
"SURVEY","1984","YEAR - AUG FORECAST","","NATIONAL","US TOTAL","","","","","","","","00000000","","CORN","CORN, GRAIN - YIELD, MEASURED IN BU / ACRE","TOTAL","NOT SPECIFIED","107.9",""
"SURVEY","1984","YEAR - NOV FORECAST","","NATIONAL","US TOTAL","","","","","","","","00000000","","CORN","CORN, GRAIN - YIELD, MEASURED IN BU / ACRE","TOTAL","NOT SPECIFIED","105.9",""
"SURVEY","1984","YEAR - OCT FORECAST","","NATIONAL","US TOTAL","","","","","","","","00000000","","CORN","CORN, GRAIN - YIELD, MEASURED IN BU / ACRE","TOTAL","NOT SPECIFIED","105.5",""
"SURVEY","1984","YEAR - SEP FORECAST","","NATIONAL","US TOTAL","","","","","","","","00000000","","CORN","CORN, GRAIN - YIELD, MEASURED IN BU / ACRE","TOTAL","NOT SPECIFIED","106.3",""
"SURVEY","1983","YEAR","","NATIONAL","US TOTAL","","","","","","","","00000000","","CORN","CORN, GRAIN - YIELD, MEASURED IN BU / ACRE","TOTAL","NOT SPECIFIED","81.1",""
"SURVEY","1983","YEAR - AUG FORECAST","","NATIONAL","US TOTAL","","","","","","","","00000000","","CORN","CORN, GRAIN - YIELD, MEASURED IN BU / ACRE","TOTAL","NOT SPECIFIED","99.9",""
"SURVEY","1983","YEAR - NOV FORECAST","","NATIONAL","US TOTAL","","","","","","","","00000000","","CORN","CORN, GRAIN - YIELD, MEASURED IN BU / ACRE","TOTAL","NOT SPECIFIED","80.5",""
"SURVEY","1983","YEAR - OCT FORECAST","","NATIONAL","US TOTAL","","","","","","","","00000000","","CORN","CORN, GRAIN - YIELD, MEASURED IN BU / ACRE","TOTAL","NOT SPECIFIED","82.9",""
"SURVEY","1983","YEAR - SEP FORECAST","","NATIONAL","US TOTAL","","","","","","","","00000000","","CORN","CORN, GRAIN - YIELD, MEASURED IN BU / ACRE","TOTAL","NOT SPECIFIED","85.1",""
"SURVEY","1982","YEAR","","NATIONAL","US TOTAL","","","","","","","","00000000","","CORN","CORN, GRAIN - YIELD, MEASURED IN BU / ACRE","TOTAL","NOT SPECIFIED","113.2",""
"SURVEY","1982","YEAR - AUG FORECAST","","NATIONAL","US TOTAL","","","","","","","","00000000","","CORN","CORN, GRAIN - YIELD, MEASURED IN BU / ACRE","TOTAL","NOT SPECIFIED","113.9",""
"SURVEY","1982","YEAR - NOV FORECAST","","NATIONAL","US TOTAL","","","","","","","","00000000","","CORN","CORN, GRAIN - YIELD, MEASURED IN BU / ACRE","TOTAL","NOT SPECIFIED","114.4",""
"SURVEY","1982","YEAR - OCT FORECAST","","NATIONAL","US TOTAL","","","","","","","","00000000","","CORN","CORN, GRAIN - YIELD, MEASURED IN BU / ACRE","TOTAL","NOT SPECIFIED","114.2",""
"SURVEY","1982","YEAR - SEP FORECAST","","NATIONAL","US TOTAL","","","","","","","","00000000","","CORN","CORN, GRAIN - YIELD, MEASURED IN BU / ACRE","TOTAL","NOT SPECIFIED","113.9",""
"SURVEY","1981","YEAR","","NATIONAL","US TOTAL","","","","","","","","00000000","","CORN","CORN, GRAIN - YIELD, MEASURED IN BU / ACRE","TOTAL","NOT SPECIFIED","108.9",""
"SURVEY","1981","YEAR - AUG FORECAST","","NATIONAL","US TOTAL","","","","","","","","00000000","","CORN","CORN, GRAIN - YIELD, MEASURED IN BU / ACRE","TOTAL","NOT SPECIFIED","104.3",""
"SURVEY","1981","YEAR - NOV FORECAST","","NATIONAL","US TOTAL","","","","","","","","00000000","","CORN","CORN, GRAIN - YIELD, MEASURED IN BU / ACRE","TOTAL","NOT SPECIFIED","109.2",""
"SURVEY","1981","YEAR - OCT FORECAST","","NATIONAL","US TOTAL","","","","","","","","00000000","","CORN","CORN, GRAIN - YIELD, MEASURED IN BU / ACRE","TOTAL","NOT SPECIFIED","109",""
"SURVEY","1981","YEAR - SEP FORECAST","","NATIONAL","US TOTAL","","","","","","","","00000000","","CORN","CORN, GRAIN - YIELD, MEASURED IN BU / ACRE","TOTAL","NOT SPECIFIED","107.1",""
"SURVEY","1980","YEAR","","NATIONAL","US TOTAL","","","","","","","","00000000","","CORN","CORN, GRAIN - YIELD, MEASURED IN BU / ACRE","TOTAL","NOT SPECIFIED","91",""
"SURVEY","1980","YEAR - AUG FORECAST","","NATIONAL","US TOTAL","","","","","","","","00000000","","CORN","CORN, GRAIN - YIELD, MEASURED IN BU / ACRE","TOTAL","NOT SPECIFIED","93",""
"SURVEY","1980","YEAR - NOV FORECAST","","NATIONAL","US TOTAL","","","","","","","","00000000","","CORN","CORN, GRAIN - YIELD, MEASURED IN BU / ACRE","TOTAL","NOT SPECIFIED","90.8",""
"SURVEY","1980","YEAR - OCT FORECAST","","NATIONAL","US TOTAL","","","","","","","","00000000","","CORN","CORN, GRAIN - YIELD, MEASURED IN BU / ACRE","TOTAL","NOT SPECIFIED","90.8",""
"SURVEY","1980","YEAR - SEP FORECAST","","NATIONAL","US TOTAL","","","","","","","","00000000","","CORN","CORN, GRAIN - YIELD, MEASURED IN BU / ACRE","TOTAL","NOT SPECIFIED","91.8",""
"SURVEY","1979","YEAR","","NATIONAL","US TOTAL","","","","","","","","00000000","","CORN","CORN, GRAIN - YIELD, MEASURED IN BU / ACRE","TOTAL","NOT SPECIFIED","109.5",""
"SURVEY","1979","YEAR - AUG FORECAST","","NATIONAL","US TOTAL","","","","","","","","00000000","","CORN","CORN, GRAIN - YIELD, MEASURED IN BU / ACRE","TOTAL","NOT SPECIFIED","102.1",""
"SURVEY","1979","YEAR - NOV FORECAST","","NATIONAL","US TOTAL","","","","","","","","00000000","","CORN","CORN, GRAIN - YIELD, MEASURED IN BU / ACRE","TOTAL","NOT SPECIFIED","109.2",""
"SURVEY","1979","YEAR - OCT FORECAST","","NATIONAL","US TOTAL","","","","","","","","00000000","","CORN","CORN, GRAIN - YIELD, MEASURED IN BU / ACRE","TOTAL","NOT SPECIFIED","106.4",""
"SURVEY","1979","YEAR - SEP FORECAST","","NATIONAL","US TOTAL","","","","","","","","00000000","","CORN","CORN, GRAIN - YIELD, MEASURED IN BU / ACRE","TOTAL","NOT SPECIFIED","104.6",""
"SURVEY","1978","YEAR","","NATIONAL","US TOTAL","","","","","","","","00000000","","CORN","CORN, GRAIN - YIELD, MEASURED IN BU / ACRE","TOTAL","NOT SPECIFIED","101",""
"SURVEY","1978","YEAR - AUG FORECAST","","NATIONAL","US TOTAL","","","","","","","","00000000","","CORN","CORN, GRAIN - YIELD, MEASURED IN BU / ACRE","TOTAL","NOT SPECIFIED","96.1",""
"SURVEY","1978","YEAR - NOV FORECAST","","NATIONAL","US TOTAL","","","","","","","","00000000","","CORN","CORN, GRAIN - YIELD, MEASURED IN BU / ACRE","TOTAL","NOT SPECIFIED","101.2",""
"SURVEY","1978","YEAR - OCT FORECAST","","NATIONAL","US TOTAL","","","","","","","","00000000","","CORN","CORN, GRAIN - YIELD, MEASURED IN BU / ACRE","TOTAL","NOT SPECIFIED","100.7",""
"SURVEY","1978","YEAR - SEP FORECAST","","NATIONAL","US TOTAL","","","","","","","","00000000","","CORN","CORN, GRAIN - YIELD, MEASURED IN BU / ACRE","TOTAL","NOT SPECIFIED","100.3",""
"SURVEY","1977","YEAR","","NATIONAL","US TOTAL","","","","","","","","00000000","","CORN","CORN, GRAIN - YIELD, MEASURED IN BU / ACRE","TOTAL","NOT SPECIFIED","90.8",""
"SURVEY","1977","YEAR - AUG FORECAST","","NATIONAL","US TOTAL","","","","","","","","00000000","","CORN","CORN, GRAIN - YIELD, MEASURED IN BU / ACRE","TOTAL","NOT SPECIFIED","87.3",""
"SURVEY","1977","YEAR - NOV FORECAST","","NATIONAL","US TOTAL","","","","","","","","00000000","","CORN","CORN, GRAIN - YIELD, MEASURED IN BU / ACRE","TOTAL","NOT SPECIFIED","91.5",""
"SURVEY","1977","YEAR - OCT FORECAST","","NATIONAL","US TOTAL","","","","","","","","00000000","","CORN","CORN, GRAIN - YIELD, MEASURED IN BU / ACRE","TOTAL","NOT SPECIFIED","90.8",""
"SURVEY","1977","YEAR - SEP FORECAST","","NATIONAL","US TOTAL","","","","","","","","00000000","","CORN","CORN, GRAIN - YIELD, MEASURED IN BU / ACRE","TOTAL","NOT SPECIFIED","89.7",""
"SURVEY","1976","YEAR","","NATIONAL","US TOTAL","","","","","","","","00000000","","CORN","CORN, GRAIN - YIELD, MEASURED IN BU / ACRE","TOTAL","NOT SPECIFIED","88",""
"SURVEY","1976","YEAR - AUG FORECAST","","NATIONAL","US TOTAL","","","","","","","","00000000","","CORN","CORN, GRAIN - YIELD, MEASURED IN BU / ACRE","TOTAL","NOT SPECIFIED","85.7",""
"SURVEY","1976","YEAR - NOV FORECAST","","NATIONAL","US TOTAL","","","","","","","","00000000","","CORN","CORN, GRAIN - YIELD, MEASURED IN BU / ACRE","TOTAL","NOT SPECIFIED","85.5",""
"SURVEY","1976","YEAR - OCT FORECAST","","NATIONAL","US TOTAL","","","","","","","","00000000","","CORN","CORN, GRAIN - YIELD, MEASURED IN BU / ACRE","TOTAL","NOT SPECIFIED","82.7",""
"SURVEY","1976","YEAR - SEP FORECAST","","NATIONAL","US TOTAL","","","","","","","","00000000","","CORN","CORN, GRAIN - YIELD, MEASURED IN BU / ACRE","TOTAL","NOT SPECIFIED","82.8",""
"SURVEY","1975","YEAR","","NATIONAL","US TOTAL","","","","","","","","00000000","","CORN","CORN, GRAIN - YIELD, MEASURED IN BU / ACRE","TOTAL","NOT SPECIFIED","86.4",""
"SURVEY","1975","YEAR - AUG FORECAST","","NATIONAL","US TOTAL","","","","","","","","00000000","","CORN","CORN, GRAIN - YIELD, MEASURED IN BU / ACRE","TOTAL","NOT SPECIFIED","87.4",""
"SURVEY","1975","YEAR - NOV FORECAST","","NATIONAL","US TOTAL","","","","","","","","00000000","","CORN","CORN, GRAIN - YIELD, MEASURED IN BU / ACRE","TOTAL","NOT SPECIFIED","87.2",""
"SURVEY","1975","YEAR - OCT FORECAST","","NATIONAL","US TOTAL","","","","","","","","00000000","","CORN","CORN, GRAIN - YIELD, MEASURED IN BU / ACRE","TOTAL","NOT SPECIFIED","86.2",""
"SURVEY","1975","YEAR - SEP FORECAST","","NATIONAL","US TOTAL","","","","","","","","00000000","","CORN","CORN, GRAIN - YIELD, MEASURED IN BU / ACRE","TOTAL","NOT SPECIFIED","85.1",""
"SURVEY","1974","YEAR","","NATIONAL","US TOTAL","","","","","","","","00000000","","CORN","CORN, GRAIN - YIELD, MEASURED IN BU / ACRE","TOTAL","NOT SPECIFIED","71.9",""
"SURVEY","1974","YEAR - AUG FORECAST","","NATIONAL","US TOTAL","","","","","","","","00000000","","CORN","CORN, GRAIN - YIELD, MEASURED IN BU / ACRE","TOTAL","NOT SPECIFIED","77.8",""
"SURVEY","1974","YEAR - NOV FORECAST","","NATIONAL","US TOTAL","","","","","","","","00000000","","CORN","CORN, GRAIN - YIELD, MEASURED IN BU / ACRE","TOTAL","NOT SPECIFIED","72.5",""
"SURVEY","1974","YEAR - OCT FORECAST","","NATIONAL","US TOTAL","","","","","","","","00000000","","CORN","CORN, GRAIN - YIELD, MEASURED IN BU / ACRE","TOTAL","NOT SPECIFIED","74",""
"SURVEY","1974","YEAR - SEP FORECAST","","NATIONAL","US TOTAL","","","","","","","","00000000","","CORN","CORN, GRAIN - YIELD, MEASURED IN BU / ACRE","TOTAL","NOT SPECIFIED","78.3",""
"SURVEY","1973","YEAR","","NATIONAL","US TOTAL","","","","","","","","00000000","","CORN","CORN, GRAIN - YIELD, MEASURED IN BU / ACRE","TOTAL","NOT SPECIFIED","91.3",""
"SURVEY","1972","YEAR","","NATIONAL","US TOTAL","","","","","","","","00000000","","CORN","CORN, GRAIN - YIELD, MEASURED IN BU / ACRE","TOTAL","NOT SPECIFIED","97",""
"SURVEY","1971","YEAR","","NATIONAL","US TOTAL","","","","","","","","00000000","","CORN","CORN, GRAIN - YIELD, MEASURED IN BU / ACRE","TOTAL","NOT SPECIFIED","88.1",""
"SURVEY","1970","YEAR","","NATIONAL","US TOTAL","","","","","","","","00000000","","CORN","CORN, GRAIN - YIELD, MEASURED IN BU / ACRE","TOTAL","NOT SPECIFIED","72.4",""
"SURVEY","1969","YEAR","","NATIONAL","US TOTAL","","","","","","","","00000000","","CORN","CORN, GRAIN - YIELD, MEASURED IN BU / ACRE","TOTAL","NOT SPECIFIED","85.9",""
"SURVEY","1968","YEAR","","NATIONAL","US TOTAL","","","","","","","","00000000","","CORN","CORN, GRAIN - YIELD, MEASURED IN BU / ACRE","TOTAL","NOT SPECIFIED","79.5",""
"SURVEY","1967","YEAR","","NATIONAL","US TOTAL","","","","","","","","00000000","","CORN","CORN, GRAIN - YIELD, MEASURED IN BU / ACRE","TOTAL","NOT SPECIFIED","80.1",""
"SURVEY","1966","YEAR","","NATIONAL","US TOTAL","","","","","","","","00000000","","CORN","CORN, GRAIN - YIELD, MEASURED IN BU / ACRE","TOTAL","NOT SPECIFIED","73.1",""
"SURVEY","1965","YEAR","","NATIONAL","US TOTAL","","","","","","","","00000000","","CORN","CORN, GRAIN - YIELD, MEASURED IN BU / ACRE","TOTAL","NOT SPECIFIED","74.1",""
"SURVEY","1964","YEAR","","NATIONAL","US TOTAL","","","","","","","","00000000","","CORN","CORN, GRAIN - YIELD, MEASURED IN BU / ACRE","TOTAL","NOT SPECIFIED","62.9",""
"SURVEY","1963","YEAR","","NATIONAL","US TOTAL","","","","","","","","00000000","","CORN","CORN, GRAIN - YIELD, MEASURED IN BU / ACRE","TOTAL","NOT SPECIFIED","67.9",""
"SURVEY","1962","YEAR","","NATIONAL","US TOTAL","","","","","","","","00000000","","CORN","CORN, GRAIN - YIELD, MEASURED IN BU / ACRE","TOTAL","NOT SPECIFIED","64.7",""
"SURVEY","1961","YEAR","","NATIONAL","US TOTAL","","","","","","","","00000000","","CORN","CORN, GRAIN - YIELD, MEASURED IN BU / ACRE","TOTAL","NOT SPECIFIED","62.4",""
"SURVEY","1960","YEAR","","NATIONAL","US TOTAL","","","","","","","","00000000","","CORN","CORN, GRAIN - YIELD, MEASURED IN BU / ACRE","TOTAL","NOT SPECIFIED","54.7",""
"SURVEY","1959","YEAR","","NATIONAL","US TOTAL","","","","","","","","00000000","","CORN","CORN, GRAIN - YIELD, MEASURED IN BU / ACRE","TOTAL","NOT SPECIFIED","53.1",""
"SURVEY","1958","YEAR","","NATIONAL","US TOTAL","","","","","","","","00000000","","CORN","CORN, GRAIN - YIELD, MEASURED IN BU / ACRE","TOTAL","NOT SPECIFIED","52.8",""
"SURVEY","1957","YEAR","","NATIONAL","US TOTAL","","","","","","","","00000000","","CORN","CORN, GRAIN - YIELD, MEASURED IN BU / ACRE","TOTAL","NOT SPECIFIED","48.3",""
"SURVEY","1956","YEAR","","NATIONAL","US TOTAL","","","","","","","","00000000","","CORN","CORN, GRAIN - YIELD, MEASURED IN BU / ACRE","TOTAL","NOT SPECIFIED","47.4",""
"SURVEY","1955","YEAR","","NATIONAL","US TOTAL","","","","","","","","00000000","","CORN","CORN, GRAIN - YIELD, MEASURED IN BU / ACRE","TOTAL","NOT SPECIFIED","42",""
"SURVEY","1954","YEAR","","NATIONAL","US TOTAL","","","","","","","","00000000","","CORN","CORN, GRAIN - YIELD, MEASURED IN BU / ACRE","TOTAL","NOT SPECIFIED","39.4",""
"SURVEY","1953","YEAR","","NATIONAL","US TOTAL","","","","","","","","00000000","","CORN","CORN, GRAIN - YIELD, MEASURED IN BU / ACRE","TOTAL","NOT SPECIFIED","40.7",""
"SURVEY","1952","YEAR","","NATIONAL","US TOTAL","","","","","","","","00000000","","CORN","CORN, GRAIN - YIELD, MEASURED IN BU / ACRE","TOTAL","NOT SPECIFIED","41.8",""
"SURVEY","1951","YEAR","","NATIONAL","US TOTAL","","","","","","","","00000000","","CORN","CORN, GRAIN - YIELD, MEASURED IN BU / ACRE","TOTAL","NOT SPECIFIED","36.9",""
"SURVEY","1950","YEAR","","NATIONAL","US TOTAL","","","","","","","","00000000","","CORN","CORN, GRAIN - YIELD, MEASURED IN BU / ACRE","TOTAL","NOT SPECIFIED","38.2",""
"SURVEY","1949","YEAR","","NATIONAL","US TOTAL","","","","","","","","00000000","","CORN","CORN, GRAIN - YIELD, MEASURED IN BU / ACRE","TOTAL","NOT SPECIFIED","38.2",""
"SURVEY","1948","YEAR","","NATIONAL","US TOTAL","","","","","","","","00000000","","CORN","CORN, GRAIN - YIELD, MEASURED IN BU / ACRE","TOTAL","NOT SPECIFIED","43",""
"SURVEY","1947","YEAR","","NATIONAL","US TOTAL","","","","","","","","00000000","","CORN","CORN, GRAIN - YIELD, MEASURED IN BU / ACRE","TOTAL","NOT SPECIFIED","28.6",""
"SURVEY","1946","YEAR","","NATIONAL","US TOTAL","","","","","","","","00000000","","CORN","CORN, GRAIN - YIELD, MEASURED IN BU / ACRE","TOTAL","NOT SPECIFIED","37.2",""
"SURVEY","1945","YEAR","","NATIONAL","US TOTAL","","","","","","","","00000000","","CORN","CORN, GRAIN - YIELD, MEASURED IN BU / ACRE","TOTAL","NOT SPECIFIED","33.1",""
"SURVEY","1944","YEAR","","NATIONAL","US TOTAL","","","","","","","","00000000","","CORN","CORN, GRAIN - YIELD, MEASURED IN BU / ACRE","TOTAL","NOT SPECIFIED","33",""
"SURVEY","1943","YEAR","","NATIONAL","US TOTAL","","","","","","","","00000000","","CORN","CORN, GRAIN - YIELD, MEASURED IN BU / ACRE","TOTAL","NOT SPECIFIED","32.6",""
"SURVEY","1942","YEAR","","NATIONAL","US TOTAL","","","","","","","","00000000","","CORN","CORN, GRAIN - YIELD, MEASURED IN BU / ACRE","TOTAL","NOT SPECIFIED","35.4",""
"SURVEY","1941","YEAR","","NATIONAL","US TOTAL","","","","","","","","00000000","","CORN","CORN, GRAIN - YIELD, MEASURED IN BU / ACRE","TOTAL","NOT SPECIFIED","31.2",""
"SURVEY","1940","YEAR","","NATIONAL","US TOTAL","","","","","","","","00000000","","CORN","CORN, GRAIN - YIELD, MEASURED IN BU / ACRE","TOTAL","NOT SPECIFIED","28.9",""
"SURVEY","1939","YEAR","","NATIONAL","US TOTAL","","","","","","","","00000000","","CORN","CORN, GRAIN - YIELD, MEASURED IN BU / ACRE","TOTAL","NOT SPECIFIED","29.9",""
"SURVEY","1938","YEAR","","NATIONAL","US TOTAL","","","","","","","","00000000","","CORN","CORN, GRAIN - YIELD, MEASURED IN BU / ACRE","TOTAL","NOT SPECIFIED","27.8",""
"SURVEY","1937","YEAR","","NATIONAL","US TOTAL","","","","","","","","00000000","","CORN","CORN, GRAIN - YIELD, MEASURED IN BU / ACRE","TOTAL","NOT SPECIFIED","28.9",""
"SURVEY","1936","YEAR","","NATIONAL","US TOTAL","","","","","","","","00000000","","CORN","CORN, GRAIN - YIELD, MEASURED IN BU / ACRE","TOTAL","NOT SPECIFIED","18.6",""
"SURVEY","1935","YEAR","","NATIONAL","US TOTAL","","","","","","","","00000000","","CORN","CORN, GRAIN - YIELD, MEASURED IN BU / ACRE","TOTAL","NOT SPECIFIED","24.2",""
"SURVEY","1934","YEAR","","NATIONAL","US TOTAL","","","","","","","","00000000","","CORN","CORN, GRAIN - YIELD, MEASURED IN BU / ACRE","TOTAL","NOT SPECIFIED","18.7",""
"SURVEY","1933","YEAR","","NATIONAL","US TOTAL","","","","","","","","00000000","","CORN","CORN, GRAIN - YIELD, MEASURED IN BU / ACRE","TOTAL","NOT SPECIFIED","22.8",""
"SURVEY","1932","YEAR","","NATIONAL","US TOTAL","","","","","","","","00000000","","CORN","CORN, GRAIN - YIELD, MEASURED IN BU / ACRE","TOTAL","NOT SPECIFIED","26.5",""
"SURVEY","1931","YEAR","","NATIONAL","US TOTAL","","","","","","","","00000000","","CORN","CORN, GRAIN - YIELD, MEASURED IN BU / ACRE","TOTAL","NOT SPECIFIED","24.5",""
"SURVEY","1930","YEAR","","NATIONAL","US TOTAL","","","","","","","","00000000","","CORN","CORN, GRAIN - YIELD, MEASURED IN BU / ACRE","TOTAL","NOT SPECIFIED","20.5",""
"SURVEY","1929","YEAR","","NATIONAL","US TOTAL","","","","","","","","00000000","","CORN","CORN, GRAIN - YIELD, MEASURED IN BU / ACRE","TOTAL","NOT SPECIFIED","25.7",""
"SURVEY","1928","YEAR","","NATIONAL","US TOTAL","","","","","","","","00000000","","CORN","CORN, GRAIN - YIELD, MEASURED IN BU / ACRE","TOTAL","NOT SPECIFIED","26.3",""
"SURVEY","1927","YEAR","","NATIONAL","US TOTAL","","","","","","","","00000000","","CORN","CORN, GRAIN - YIELD, MEASURED IN BU / ACRE","TOTAL","NOT SPECIFIED","26.4",""
"SURVEY","1926","YEAR","","NATIONAL","US TOTAL","","","","","","","","00000000","","CORN","CORN, GRAIN - YIELD, MEASURED IN BU / ACRE","TOTAL","NOT SPECIFIED","25.7",""
"SURVEY","1925","YEAR","","NATIONAL","US TOTAL","","","","","","","","00000000","","CORN","CORN, GRAIN - YIELD, MEASURED IN BU / ACRE","TOTAL","NOT SPECIFIED","27.4",""
"SURVEY","1924","YEAR","","NATIONAL","US TOTAL","","","","","","","","00000000","","CORN","CORN, GRAIN - YIELD, MEASURED IN BU / ACRE","TOTAL","NOT SPECIFIED","22.1",""
"SURVEY","1923","YEAR","","NATIONAL","US TOTAL","","","","","","","","00000000","","CORN","CORN, GRAIN - YIELD, MEASURED IN BU / ACRE","TOTAL","NOT SPECIFIED","27.8",""
"SURVEY","1922","YEAR","","NATIONAL","US TOTAL","","","","","","","","00000000","","CORN","CORN, GRAIN - YIELD, MEASURED IN BU / ACRE","TOTAL","NOT SPECIFIED","26.3",""
"SURVEY","1921","YEAR","","NATIONAL","US TOTAL","","","","","","","","00000000","","CORN","CORN, GRAIN - YIELD, MEASURED IN BU / ACRE","TOTAL","NOT SPECIFIED","27.8",""
"SURVEY","1920","YEAR","","NATIONAL","US TOTAL","","","","","","","","00000000","","CORN","CORN, GRAIN - YIELD, MEASURED IN BU / ACRE","TOTAL","NOT SPECIFIED","29.9",""
"SURVEY","1919","YEAR","","NATIONAL","US TOTAL","","","","","","","","00000000","","CORN","CORN, GRAIN - YIELD, MEASURED IN BU / ACRE","TOTAL","NOT SPECIFIED","26.8",""
"SURVEY","1918","YEAR","","NATIONAL","US TOTAL","","","","","","","","00000000","","CORN","CORN, GRAIN - YIELD, MEASURED IN BU / ACRE","TOTAL","NOT SPECIFIED","23.9",""
"SURVEY","1917","YEAR","","NATIONAL","US TOTAL","","","","","","","","00000000","","CORN","CORN, GRAIN - YIELD, MEASURED IN BU / ACRE","TOTAL","NOT SPECIFIED","26.2",""
"SURVEY","1916","YEAR","","NATIONAL","US TOTAL","","","","","","","","00000000","","CORN","CORN, GRAIN - YIELD, MEASURED IN BU / ACRE","TOTAL","NOT SPECIFIED","24.1",""
"SURVEY","1915","YEAR","","NATIONAL","US TOTAL","","","","","","","","00000000","","CORN","CORN, GRAIN - YIELD, MEASURED IN BU / ACRE","TOTAL","NOT SPECIFIED","28.1",""
"SURVEY","1914","YEAR","","NATIONAL","US TOTAL","","","","","","","","00000000","","CORN","CORN, GRAIN - YIELD, MEASURED IN BU / ACRE","TOTAL","NOT SPECIFIED","25.8",""
"SURVEY","1913","YEAR","","NATIONAL","US TOTAL","","","","","","","","00000000","","CORN","CORN, GRAIN - YIELD, MEASURED IN BU / ACRE","TOTAL","NOT SPECIFIED","22.7",""
"SURVEY","1912","YEAR","","NATIONAL","US TOTAL","","","","","","","","00000000","","CORN","CORN, GRAIN - YIELD, MEASURED IN BU / ACRE","TOTAL","NOT SPECIFIED","29.1",""
"SURVEY","1911","YEAR","","NATIONAL","US TOTAL","","","","","","","","00000000","","CORN","CORN, GRAIN - YIELD, MEASURED IN BU / ACRE","TOTAL","NOT SPECIFIED","24.4",""
"SURVEY","1910","YEAR","","NATIONAL","US TOTAL","","","","","","","","00000000","","CORN","CORN, GRAIN - YIELD, MEASURED IN BU / ACRE","TOTAL","NOT SPECIFIED","27.9",""
"SURVEY","1909","YEAR","","NATIONAL","US TOTAL","","","","","","","","00000000","","CORN","CORN, GRAIN - YIELD, MEASURED IN BU / ACRE","TOTAL","NOT SPECIFIED","26.1",""
"SURVEY","1908","YEAR","","NATIONAL","US TOTAL","","","","","","","","00000000","","CORN","CORN, GRAIN - YIELD, MEASURED IN BU / ACRE","TOTAL","NOT SPECIFIED","26.9",""
"SURVEY","1907","YEAR","","NATIONAL","US TOTAL","","","","","","","","00000000","","CORN","CORN, GRAIN - YIELD, MEASURED IN BU / ACRE","TOTAL","NOT SPECIFIED","27.2",""
"SURVEY","1906","YEAR","","NATIONAL","US TOTAL","","","","","","","","00000000","","CORN","CORN, GRAIN - YIELD, MEASURED IN BU / ACRE","TOTAL","NOT SPECIFIED","31.7",""
"SURVEY","1905","YEAR","","NATIONAL","US TOTAL","","","","","","","","00000000","","CORN","CORN, GRAIN - YIELD, MEASURED IN BU / ACRE","TOTAL","NOT SPECIFIED","30.9",""
"SURVEY","1904","YEAR","","NATIONAL","US TOTAL","","","","","","","","00000000","","CORN","CORN, GRAIN - YIELD, MEASURED IN BU / ACRE","TOTAL","NOT SPECIFIED","28.2",""
"SURVEY","1903","YEAR","","NATIONAL","US TOTAL","","","","","","","","00000000","","CORN","CORN, GRAIN - YIELD, MEASURED IN BU / ACRE","TOTAL","NOT SPECIFIED","26.9",""
"SURVEY","1902","YEAR","","NATIONAL","US TOTAL","","","","","","","","00000000","","CORN","CORN, GRAIN - YIELD, MEASURED IN BU / ACRE","TOTAL","NOT SPECIFIED","28.5",""
"SURVEY","1901","YEAR","","NATIONAL","US TOTAL","","","","","","","","00000000","","CORN","CORN, GRAIN - YIELD, MEASURED IN BU / ACRE","TOTAL","NOT SPECIFIED","18.2",""
"SURVEY","1900","YEAR","","NATIONAL","US TOTAL","","","","","","","","00000000","","CORN","CORN, GRAIN - YIELD, MEASURED IN BU / ACRE","TOTAL","NOT SPECIFIED","28.1",""
"SURVEY","1899","YEAR","","NATIONAL","US TOTAL","","","","","","","","00000000","","CORN","CORN, GRAIN - YIELD, MEASURED IN BU / ACRE","TOTAL","NOT SPECIFIED","28",""
"SURVEY","1898","YEAR","","NATIONAL","US TOTAL","","","","","","","","00000000","","CORN","CORN, GRAIN - YIELD, MEASURED IN BU / ACRE","TOTAL","NOT SPECIFIED","26.8",""
"SURVEY","1897","YEAR","","NATIONAL","US TOTAL","","","","","","","","00000000","","CORN","CORN, GRAIN - YIELD, MEASURED IN BU / ACRE","TOTAL","NOT SPECIFIED","25.4",""
"SURVEY","1896","YEAR","","NATIONAL","US TOTAL","","","","","","","","00000000","","CORN","CORN, GRAIN - YIELD, MEASURED IN BU / ACRE","TOTAL","NOT SPECIFIED","30",""
"SURVEY","1895","YEAR","","NATIONAL","US TOTAL","","","","","","","","00000000","","CORN","CORN, GRAIN - YIELD, MEASURED IN BU / ACRE","TOTAL","NOT SPECIFIED","28",""
"SURVEY","1894","YEAR","","NATIONAL","US TOTAL","","","","","","","","00000000","","CORN","CORN, GRAIN - YIELD, MEASURED IN BU / ACRE","TOTAL","NOT SPECIFIED","20.2",""
"SURVEY","1893","YEAR","","NATIONAL","US TOTAL","","","","","","","","00000000","","CORN","CORN, GRAIN - YIELD, MEASURED IN BU / ACRE","TOTAL","NOT SPECIFIED","23.8",""
"SURVEY","1892","YEAR","","NATIONAL","US TOTAL","","","","","","","","00000000","","CORN","CORN, GRAIN - YIELD, MEASURED IN BU / ACRE","TOTAL","NOT SPECIFIED","24.7",""
"SURVEY","1891","YEAR","","NATIONAL","US TOTAL","","","","","","","","00000000","","CORN","CORN, GRAIN - YIELD, MEASURED IN BU / ACRE","TOTAL","NOT SPECIFIED","29.6",""
"SURVEY","1890","YEAR","","NATIONAL","US TOTAL","","","","","","","","00000000","","CORN","CORN, GRAIN - YIELD, MEASURED IN BU / ACRE","TOTAL","NOT SPECIFIED","22.1",""
"SURVEY","1889","YEAR","","NATIONAL","US TOTAL","","","","","","","","00000000","","CORN","CORN, GRAIN - YIELD, MEASURED IN BU / ACRE","TOTAL","NOT SPECIFIED","29.5",""
"SURVEY","1888","YEAR","","NATIONAL","US TOTAL","","","","","","","","00000000","","CORN","CORN, GRAIN - YIELD, MEASURED IN BU / ACRE","TOTAL","NOT SPECIFIED","29.1",""
"SURVEY","1887","YEAR","","NATIONAL","US TOTAL","","","","","","","","00000000","","CORN","CORN, GRAIN - YIELD, MEASURED IN BU / ACRE","TOTAL","NOT SPECIFIED","21.9",""
"SURVEY","1886","YEAR","","NATIONAL","US TOTAL","","","","","","","","00000000","","CORN","CORN, GRAIN - YIELD, MEASURED IN BU / ACRE","TOTAL","NOT SPECIFIED","24.1",""
"SURVEY","1885","YEAR","","NATIONAL","US TOTAL","","","","","","","","00000000","","CORN","CORN, GRAIN - YIELD, MEASURED IN BU / ACRE","TOTAL","NOT SPECIFIED","28.6",""
"SURVEY","1884","YEAR","","NATIONAL","US TOTAL","","","","","","","","00000000","","CORN","CORN, GRAIN - YIELD, MEASURED IN BU / ACRE","TOTAL","NOT SPECIFIED","28.3",""
"SURVEY","1883","YEAR","","NATIONAL","US TOTAL","","","","","","","","00000000","","CORN","CORN, GRAIN - YIELD, MEASURED IN BU / ACRE","TOTAL","NOT SPECIFIED","24.2",""
"SURVEY","1882","YEAR","","NATIONAL","US TOTAL","","","","","","","","00000000","","CORN","CORN, GRAIN - YIELD, MEASURED IN BU / ACRE","TOTAL","NOT SPECIFIED","26.5",""
"SURVEY","1881","YEAR","","NATIONAL","US TOTAL","","","","","","","","00000000","","CORN","CORN, GRAIN - YIELD, MEASURED IN BU / ACRE","TOTAL","NOT SPECIFIED","19.8",""
"SURVEY","1880","YEAR","","NATIONAL","US TOTAL","","","","","","","","00000000","","CORN","CORN, GRAIN - YIELD, MEASURED IN BU / ACRE","TOTAL","NOT SPECIFIED","27.3",""
"SURVEY","1879","YEAR","","NATIONAL","US TOTAL","","","","","","","","00000000","","CORN","CORN, GRAIN - YIELD, MEASURED IN BU / ACRE","TOTAL","NOT SPECIFIED","28.2",""
"SURVEY","1878","YEAR","","NATIONAL","US TOTAL","","","","","","","","00000000","","CORN","CORN, GRAIN - YIELD, MEASURED IN BU / ACRE","TOTAL","NOT SPECIFIED","26.2",""
"SURVEY","1877","YEAR","","NATIONAL","US TOTAL","","","","","","","","00000000","","CORN","CORN, GRAIN - YIELD, MEASURED IN BU / ACRE","TOTAL","NOT SPECIFIED","25.8",""
"SURVEY","1876","YEAR","","NATIONAL","US TOTAL","","","","","","","","00000000","","CORN","CORN, GRAIN - YIELD, MEASURED IN BU / ACRE","TOTAL","NOT SPECIFIED","26.7",""
"SURVEY","1875","YEAR","","NATIONAL","US TOTAL","","","","","","","","00000000","","CORN","CORN, GRAIN - YIELD, MEASURED IN BU / ACRE","TOTAL","NOT SPECIFIED","27.7",""
"SURVEY","1874","YEAR","","NATIONAL","US TOTAL","","","","","","","","00000000","","CORN","CORN, GRAIN - YIELD, MEASURED IN BU / ACRE","TOTAL","NOT SPECIFIED","22.2",""
"SURVEY","1873","YEAR","","NATIONAL","US TOTAL","","","","","","","","00000000","","CORN","CORN, GRAIN - YIELD, MEASURED IN BU / ACRE","TOTAL","NOT SPECIFIED","22.9",""
"SURVEY","1872","YEAR","","NATIONAL","US TOTAL","","","","","","","","00000000","","CORN","CORN, GRAIN - YIELD, MEASURED IN BU / ACRE","TOTAL","NOT SPECIFIED","29.4",""
"SURVEY","1871","YEAR","","NATIONAL","US TOTAL","","","","","","","","00000000","","CORN","CORN, GRAIN - YIELD, MEASURED IN BU / ACRE","TOTAL","NOT SPECIFIED","27.2",""
"SURVEY","1870","YEAR","","NATIONAL","US TOTAL","","","","","","","","00000000","","CORN","CORN, GRAIN - YIELD, MEASURED IN BU / ACRE","TOTAL","NOT SPECIFIED","29.3",""
"SURVEY","1869","YEAR","","NATIONAL","US TOTAL","","","","","","","","00000000","","CORN","CORN, GRAIN - YIELD, MEASURED IN BU / ACRE","TOTAL","NOT SPECIFIED","21.8",""
"SURVEY","1868","YEAR","","NATIONAL","US TOTAL","","","","","","","","00000000","","CORN","CORN, GRAIN - YIELD, MEASURED IN BU / ACRE","TOTAL","NOT SPECIFIED","26.2",""
"SURVEY","1867","YEAR","","NATIONAL","US TOTAL","","","","","","","","00000000","","CORN","CORN, GRAIN - YIELD, MEASURED IN BU / ACRE","TOTAL","NOT SPECIFIED","24.7",""
"SURVEY","1866","YEAR","","NATIONAL","US TOTAL","","","","","","","","00000000","","CORN","CORN, GRAIN - YIELD, MEASURED IN BU / ACRE","TOTAL","NOT SPECIFIED","24.3",""
